type,context_page,tag,attr,target
broken-internal-link,About.html,a,href,./
broken-internal-link,About.html,a,href,./
broken-internal-link,About.html,a,href,gofundme.com/gentrytifo
broken-internal-link,Gallery.html,a,href,./
broken-internal-link,Gallery.html,a,href,./
broken-internal-link,Gentry-Tifo.html,a,href,./
broken-internal-link,Gentry-Tifo.html,a,href,./
broken-internal-link,Get-in-touch.html,a,href,./
broken-internal-link,Get-in-touch.html,a,href,./
broken-internal-link,Get-in-touch.html,a,href,pne-online.net
broken-internal-link,Support-us.html,a,href,./
broken-internal-link,Support-us.html,a,href,./
broken-internal-link,Support-us.html,a,href,gofundme.com/gentrytifo
broken-internal-link,index.html,a,href,./
broken-internal-link,index.html,a,href,./
broken-internal-link,index.html,a,href,gofundme.com/gentrytifo
image-missing-alt,About.html,img,alt,images/pneflagslogoforsocials1.png
image-missing-alt,About.html,img,alt,images/download.png
image-missing-alt,Gallery.html,img,alt,images/pneflagslogoforsocials1.png
image-missing-alt,Gallery.html,img,alt,images/download.png
image-missing-alt,Gallery.html,img,alt,images/townendgiantflags.png
image-missing-alt,Gallery.html,img,alt,images/image.png
image-missing-alt,Gallery.html,img,alt,images/thisisourcitycopy.png
image-missing-alt,Gallery.html,img,alt,images/simonproudpreston.jpg
image-missing-alt,Gallery.html,img,alt,images/gentrywavers.png
image-missing-alt,Gallery.html,img,alt,images/flagsconcourse.jpg
image-missing-alt,Gallery.html,img,alt,images/fulldeepdale.jpeg
image-missing-alt,Gallery.html,img,alt,images/beforetherest1.jpeg
image-missing-alt,Gallery.html,img,alt,images/blazerbadge.jpg
image-missing-alt,Gallery.html,img,alt,images/canthelp.png
image-missing-alt,Gallery.html,img,alt,images/finnetsurfer.jpg
image-missing-alt,Gallery.html,img,alt,images/lashers.png
image-missing-alt,Gallery.html,img,alt,images/sirtomvilla.jpeg
image-missing-alt,Gallery.html,img,alt,images/hullhome.jpg
image-missing-alt,Gallery.html,img,alt,images/pnetifolarge.jpeg
image-missing-alt,Gallery.html,img,alt,images/image.png
image-missing-alt,Gallery.html,img,alt,images/thisisourcity.jpg
image-missing-alt,Gallery.html,img,alt,images/beforetherest1.jpeg
image-missing-alt,Gallery.html,img,alt,images/ipsPP.png
image-missing-alt,Gallery.html,img,alt,images/singlefan.png
image-missing-alt,Gallery.html,img,alt,images/mccan.png
image-missing-alt,Gallery.html,img,alt,images/proudpreston.png
image-missing-alt,Gallery.html,img,alt,images/gallery3.png
image-missing-alt,Gallery.html,img,alt,images/gallery2.jpg
image-missing-alt,Gallery.html,img,alt,images/villafromips.jpeg
image-missing-alt,Gallery.html,img,alt,images/villastfs.jpeg
image-missing-alt,Gallery.html,img,alt,images/538248991_10171794973060214_5958399405548424528_n.jpg
image-missing-alt,Gallery.html,img,alt,images/538202782_10171794972925214_6259891948357697053_n.jpg
image-missing-alt,Gallery.html,img,alt,images/538583272_10171794973385214_5467076703717905094_n.jpg
image-missing-alt,Gallery.html,img,alt,images/538073355_10171794973225214_9028725187013624056_n.jpg
image-missing-alt,Gallery.html,img,alt,images/fulldeepdale1.jpeg
image-missing-alt,Gallery.html,img,alt,images/outreacher.jpg
image-missing-alt,Gallery.html,img,alt,images/gallery-37.png
image-missing-alt,Gallery.html,img,alt,images/gallery-36.png
image-missing-alt,Gallery.html,img,alt,images/gallery-35.png
image-missing-alt,Gallery.html,img,alt,images/gallery-26.png
image-missing-alt,Gallery.html,img,alt,images/gallery-25.png
image-missing-alt,Gallery.html,img,alt,images/gallery-22.png
image-missing-alt,Gallery.html,img,alt,images/gallery-31.png
image-missing-alt,Gallery.html,img,alt,images/gallery-34.png
image-missing-alt,Gallery.html,img,alt,images/thisisourcity.jpg?rand=ec0a
image-missing-alt,Gallery.html,img,alt,images/gallery-32.png
image-missing-alt,Gallery.html,img,alt,images/gallery-29.png
image-missing-alt,Gallery.html,img,alt,images/gallery-28.png
image-missing-alt,Gallery.html,img,alt,images/villastfs.jpeg?rand=54cd
image-missing-alt,Gallery.html,img,alt,images/gallery-20.svg.jpeg
image-missing-alt,Gallery.html,img,alt,images/sirtomvilla.jpeg?rand=47eb
image-missing-alt,Gallery.html,img,alt,images/gallery-18.svg.png
image-missing-alt,Gallery.html,img,alt,images/pnetifolarge.jpeg?rand=3edb
image-missing-alt,Gallery.html,img,alt,images/mccan.png?rand=98d7
image-missing-alt,Gallery.html,img,alt,images/lashers.png?rand=e0a8
image-missing-alt,Gallery.html,img,alt,images/ipsvilla.png
image-missing-alt,Gallery.html,img,alt,images/ipsPP.png?rand=cf7b
image-missing-alt,Gallery.html,img,alt,images/image.png?rand=0e27
image-missing-alt,Gallery.html,img,alt,images/hullhome.jpg?rand=bd6e
image-missing-alt,Gallery.html,img,alt,images/gallery-09.svg.jpeg
image-missing-alt,Gallery.html,img,alt,images/finnetsurfer.jpg?rand=43b3
image-missing-alt,Gallery.html,img,alt,images/canthelp.png?rand=eef9
image-missing-alt,Gallery.html,img,alt,images/gallery4.png
image-missing-alt,Gallery.html,img,alt,images/blazerbadge.jpg?rand=2e8a
image-missing-alt,Gallery.html,img,alt,images/gallery3.png?rand=117c
image-missing-alt,Gallery.html,img,alt,images/538248991_10171794973060214_5958399405548424528_n.jpg?rand=ae09
image-missing-alt,Gallery.html,img,alt,images/538202782_10171794972925214_6259891948357697053_n.jpg?rand=50b1
image-missing-alt,Gallery.html,img,alt,images/538073355_10171794973225214_9028725187013624056_n.jpg?rand=7dd0
image-missing-alt,Gallery.html,img,alt,images/beforetherest1.jpeg?rand=7ba8
image-missing-alt,Gallery.html,img,alt,images/images2.jpg
image-missing-alt,Gallery.html,img,alt,images/images1.jpg
image-missing-alt,Gallery.html,img,alt,images/download5.jpg
image-missing-alt,Gallery.html,img,alt,images/download4.jpg
image-missing-alt,Gentry-Tifo.html,img,alt,images/pneflagslogoforsocials1.png
image-missing-alt,Gentry-Tifo.html,img,alt,images/download.png
image-missing-alt,Gentry-Tifo.html,img,alt,images/download.jpg
image-missing-alt,Gentry-Tifo.html,img,alt,images/PrestonNorthEndoldstandongrey_1024x10242x.webp
image-missing-alt,Gentry-Tifo.html,img,alt,images/prestonbusstationongrey_1024x10242x.webp
image-missing-alt,Gentry-Tifo.html,img,alt,images/PrestonNorthEndtheoldweststandongrey_1024x10242x.webp
image-missing-alt,Gentry-Tifo.html,img,alt,images/northendtravelpostersquare_1024x10242x.webp
image-missing-alt,Gentry-Tifo.html,img,alt,images/prestonmontageprintsquare_1024x10242x.webp
image-missing-alt,Gentry-Tifo.html,img,alt,images/PrestonNorthEndtomfinneyongrey_1024x10242x.webp
image-missing-alt,Gentry-Tifo.html,img,alt,images/prestoninfographic_1024x10242x.webp
image-missing-alt,Gentry-Tifo.html,img,alt,images/default-image-61.jpg
image-missing-alt,Gentry-Tifo.html,img,alt,images/default-image-61.jpg
image-missing-alt,Gentry-Tifo.html,img,alt,images/default-image-61.jpg
image-missing-alt,Gentry-Tifo.html,img,alt,images/default-image-61.jpg
image-missing-alt,Gentry-Tifo.html,img,alt,images/default-image-61.jpg
image-missing-alt,Gentry-Tifo.html,img,alt,images/default-image-61.jpg
image-missing-alt,Gentry-Tifo.html,img,alt,images/blogpreston.png
image-missing-alt,Gentry-Tifo.html,img,alt,images/terrace.png
image-missing-alt,Gentry-Tifo.html,img,alt,images/uclan.png
image-missing-alt,Gentry-Tifo.html,img,alt,images/square-image1.jpg
image-missing-alt,Get-in-touch.html,img,alt,images/pneflagslogoforsocials1.png
image-missing-alt,Get-in-touch.html,img,alt,images/download.png
image-missing-alt,Get-in-touch.html,img,alt,images/11823292-356aaac6.png
image-missing-alt,Get-in-touch.html,img,alt,images/3820102-1dc09678.png
image-missing-alt,Get-in-touch.html,img,alt,images/pneflags-logo.webp
image-missing-alt,Support-us.html,img,alt,images/pneflagslogoforsocials1.png
image-missing-alt,Support-us.html,img,alt,images/download.png
image-missing-alt,Support-us.html,img,alt,images/hullhome.jpg
image-missing-alt,Support-us.html,img,alt,images/download.png
image-missing-alt,index.html,img,alt,images/pneflagslogoforsocials1.png
image-missing-alt,index.html,img,alt,images/download.png
image-missing-alt,index.html,img,alt,images/sirtomvilla.jpeg
image-missing-alt,index.html,img,alt,images/hullhome.jpg
image-missing-alt,index.html,img,alt,images/pnetifolarge.jpeg
image-missing-alt,index.html,img,alt,images/image.png
image-missing-alt,index.html,img,alt,images/singlefan.png
image-missing-alt,index.html,img,alt,images/proudpreston.png
image-missing-alt,index.html,img,alt,images/mccan.png
image-missing-alt,index.html,img,alt,images/gallery4.png
image-missing-alt,index.html,img,alt,images/gallery3.png
image-missing-alt,index.html,img,alt,images/gallery2.jpg
image-missing-alt,index.html,img,alt,images/villafromips.jpeg
image-missing-alt,index.html,img,alt,images/villastfs.jpeg
image-missing-alt,index.html,img,alt,images/538248991_10171794973060214_5958399405548424528_n.jpg
image-missing-alt,index.html,img,alt,images/538073355_10171794973225214_9028725187013624056_n.jpg
image-missing-alt,index.html,img,alt,images/538583272_10171794973385214_5467076703717905094_n.jpg
image-missing-alt,index.html,img,alt,images/538202782_10171794972925214_6259891948357697053_n.jpg
image-missing-alt,index.html,img,alt,images/539780658_10171794973545214_5340300929054209213_n.jpg
image-missing-alt,index.html,img,alt,images/pneflags-logo.webp
missing-asset,Gallery.html,img,src,images/thisisourcity.jpg?rand=ec0a
missing-asset,Gallery.html,img,src,images/villastfs.jpeg?rand=54cd
missing-asset,Gallery.html,img,src,images/sirtomvilla.jpeg?rand=47eb
missing-asset,Gallery.html,img,src,images/pnetifolarge.jpeg?rand=3edb
missing-asset,Gallery.html,img,src,images/mccan.png?rand=98d7
missing-asset,Gallery.html,img,src,images/lashers.png?rand=e0a8
missing-asset,Gallery.html,img,src,images/ipsPP.png?rand=cf7b
missing-asset,Gallery.html,img,src,images/image.png?rand=0e27
missing-asset,Gallery.html,img,src,images/hullhome.jpg?rand=bd6e
missing-asset,Gallery.html,img,src,images/finnetsurfer.jpg?rand=43b3
missing-asset,Gallery.html,img,src,images/canthelp.png?rand=eef9
missing-asset,Gallery.html,img,src,images/blazerbadge.jpg?rand=2e8a
missing-asset,Gallery.html,img,src,images/gallery3.png?rand=117c
missing-asset,Gallery.html,img,src,images/538248991_10171794973060214_5958399405548424528_n.jpg?rand=ae09
missing-asset,Gallery.html,img,src,images/538202782_10171794972925214_6259891948357697053_n.jpg?rand=50b1
missing-asset,Gallery.html,img,src,images/538073355_10171794973225214_9028725187013624056_n.jpg?rand=7dd0
missing-asset,Gallery.html,img,src,images/beforetherest1.jpeg?rand=7ba8
missing-favicon,<site>,<site>,favicon,favicon.ico not found in root or common paths
